gene	1	2	3	4	5	6	7	8	9	10	11	12
GLYCTK	8	16	18	25	15	10	14	11	12	12	16	11
RPLP0	10146	7293	26748	15093	6936	3700	23335	16048	8448	4178	19561	11488
FLT3	5	1	9	10	2	0	13	6	1	3	13	5
SLC2A5	75	150	41	60	77	39	32	27	174	102	31	18
XCL1/2	6	8	5	3	5	4	3	6	4	2	5	4
AADAT	5	1	6	6	4	3	10	3	9	3	6	4
STAT6	913	1973	834	1536	1497	977	594	1324	1483	1117	503	484
RAD51	21	21	128	53	49	28	185	78	63	20	187	95
PIK3R4	104	130	184	139	171	81	142	116	156	106	160	94
NOS2	9	2	6	8	9	8	5	2	7	6	8	5
SDHB	1826	1841	1351	1024	1929	1281	1198	993	2055	1241	1091	672
TTR	2	5	3	4	3	5	9	2	1	5	1	1
PTGS2	100	628	10	17	57	205	11	27	54	131	13	10
GMPS	149	107	173	82	147	88	191	89	191	91	173	118
LCK	6	2	0	2	4	2	2	2	1	2	6	2
IL21R	17	11	26	6	18	8	16	13	28	13	24	22
NEU1	975	1227	883	790	1310	772	609	608	1320	779	553	314
SLC6A18	5	3	9	7	5	4	9	4	3	7	8	7
IL4	4	3	4	1	1	3	1	3	7	6	3	3
GLYAT	8	8	1	2	5	7	2	3	7	3	2	0
HDC	3	11	16	16	9	12	6	7	9	10	3	5
GTSE1	11	2	81	21	31	17	99	43	67	35	159	70
HIF3A	3	3	6	7	8	4	4	5	4	6	8	2
PDGFB	14	39	10	23	15	11	9	9	17	7	8	3
FOLR3	11	19	8	7	27	27	13	3	19	7	7	9
UQCR10	830	688	1039	668	738	489	834	607	643	419	789	419
ARID1B	168	218	492	334	234	115	339	353	279	154	429	272
ADORA2A	15	51	27	60	86	83	16	9	95	115	13	13
HPD	1	6	1	3	7	6	2	1	8	8	2	2
HK3	196	376	80	188	259	180	34	84	282	181	22	21
FABP5	27070	24946	7999	15358	47276	41375	8679	11949	41713	29326	3594	3017
EEA1	266	313	311	234	267	116	229	152	309	173	265	125
SERINC3	1356	1535	1528	1346	1636	915	990	1000	1834	1095	1109	721
EHHADH	37	33	116	65	54	19	73	44	55	25	105	72
MYCN	8	7	5	7	11	3	4	5	7	5	1	0
NPM1	12992	9090	13106	6649	10888	5804	12864	7421	11963	5805	10201	5256
EOMES	0	0	8	0	16	7	5	0	4	6	3	2
SLC16A1	541	343	432	274	544	191	498	241	693	286	380	217
FBP1	50	46	14	11	14	5	8	9	25	10	7	5
TALDO1	4175	4671	2447	1940	4679	2911	2404	2323	4657	2835	2198	1362
ADH1B	11	7	4	5	11	4	5	3	11	10	3	6
GUSB	1534	2057	4051	4743	2484	1312	2420	3361	3208	1810	2305	1734
CCL19	6	5	2	4	3	5	3	1	7	8	1	0
CD84	561	954	1387	4430	683	600	848	4543	1024	692	826	1288
WNT1	2	6	2	0	2	3	3	2	1	2	1	3
TPSAB1/B2	7501	10246	13195	11584	11436	6997	7745	8588	15183	10785	4844	3399
KMT2A	60	67	95	52	75	24	75	55	94	70	124	58
OGDH	979	1224	870	767	833	490	689	813	964	554	702	464
TLR10	6	12	5	13	8	6	2	9	5	21	11	10
ATXN7	249	708	362	599	365	295	213	445	411	389	312	260
COL4A1	5	4	3	8	3	6	4	3	9	6	3	2
TNF	642	1725	321	361	734	1257	465	715	722	991	296	242
SMAD2	836	893	828	602	958	623	559	526	1035	633	619	403
ZAP70	8	4	7	4	6	5	5	1	3	4	3	1
CTPS1	251	160	172	93	305	138	301	181	342	160	213	117
PDK1	3064	3446	5809	3107	2858	1555	2466	1550	2477	1411	2131	1289
TF	4	3	6	2	7	3	5	3	4	5	3	5
SLC25A1	180	186	208	167	172	83	194	126	158	94	179	82
AMPD2	178	192	86	99	207	97	72	81	229	124	100	52
MAP2K3	693	1329	463	385	811	610	369	346	791	630	351	156
EPC1	163	280	271	246	264	218	179	250	275	238	211	145
GATM	12	10	6	2	12	6	9	3	11	12	6	4
SLC2A6	7	24	22	9	10	11	15	19	13	10	19	10
NDUFB4	3928	4920	3473	2987	3921	2769	2990	2641	4161	2622	2601	1602
HSF2	60	75	112	72	91	70	100	58	89	59	92	47
CD276	1116	2003	88	241	1618	1191	51	164	1701	1386	48	49
OTC	3	7	3	2	5	5	7	4	6	6	6	4
KANSL1	134	219	233	178	185	145	150	173	209	168	154	118
ZNF43	680	1293	857	1112	913	619	654	924	836	662	375	283
PRKAB2	67	127	162	158	81	63	94	140	79	72	99	84
MS4A1	4	9	3	5	3	2	9	4	5	5	3	4
LAMTOR4	1577	1624	3287	2358	1508	886	2306	1865	1459	858	1818	1085
PNP	2444	4786	1479	2769	3842	4070	1380	1749	3640	3338	764	448
LTC4S	27	19	188	87	22	15	141	79	23	11	229	144
SQSTM1	4873	5911	2480	2662	4863	3498	2176	3482	5801	3746	2663	2655
CYP1B1	4	6	4	1	3	2	5	3	6	5	7	2
CDCA5	12	12	98	29	30	18	132	55	44	29	159	90
CA12	5	8	3	4	4	5	1	3	0	3	6	3
IL10	395	1152	340	1883	387	369	84	602	454	363	38	164
NDUFS8	1492	1320	1135	745	983	538	1070	748	1013	547	878	479
LAMTOR5	3588	3589	3190	2975	3229	2381	2433	2093	3013	1840	1830	1187
AKT1S1	292	388	455	351	244	182	350	424	275	217	341	211
MAPK8IP1	5	10	12	4	7	5	5	9	3	6	7	5
GABARAP	2836	3144	3045	2675	3463	2055	1918	2010	3638	2119	1875	1209
ATG2B	92	106	161	89	122	60	124	94	155	72	172	91
PGK1	11762	17198	8659	13344	11889	7457	7167	7728	13215	8330	5191	3091
CD68	1675	3528	1089	4347	2832	2073	664	2921	3026	2501	637	1023
EXO1	14	11	65	18	24	7	122	46	34	9	98	44
IDH3A	1359	930	643	361	951	449	634	415	1198	520	525	270
PSMA3	2353	2906	1224	1678	2695	2464	1161	1651	2537	1813	996	758
POLE	24	30	140	63	48	24	106	60	64	23	156	70
TLR2	1319	2912	422	1096	1526	1408	296	687	1352	1214	260	169
HK2	1822	3351	460	1059	2032	1524	502	889	2253	1725	431	359
HSD17B8	7	10	14	5	8	8	1	9	5	5	3	9
G6PC	1	4	1	4	2	6	1	4	6	7	5	0
TIGIT	0	1	3	3	1	2	7	3	5	4	2	2
CTSL	188	1080	4	57	342	1047	3	6	302	718	4	0
NME2	7022	5411	9411	6218	5897	3175	9616	6397	5924	2703	7039	3894
TH	8	5	10	3	5	4	7	6	5	1	8	5
IFNG	4	4	3	3	1	5	2	4	5	3	4	5
ARID2	115	123	283	131	133	96	172	111	170	96	242	137
IL6	27	1628	5	41	56	1083	2	46	31	681	5	12
SMAD3	148	95	427	316	102	56	200	192	160	91	201	145
RPIA	237	159	434	194	293	134	503	230	416	212	398	223
IDO2	6	7	4	1	5	9	0	2	4	5	1	1
AANAT	6	4	3	1	3	2	3	3	4	2	5	0
RPS6KA1	3805	4044	2493	2581	3083	1861	1687	2152	3602	2166	2253	1603
UCK1	84	99	121	86	115	81	98	91	109	77	107	73
TBXAS1	108	107	192	91	215	121	87	80	274	136	181	114
CYP1A2	5	4	5	8	4	4	4	5	8	5	6	7
NCR1	100	148	34	28	76	60	13	9	82	39	17	17
CD8B	4	5	9	5	7	3	7	3	4	10	12	5
NOS1	4	7	2	8	5	5	7	4	8	7	2	3
ZNF136	36	62	7	6	12	6	5	5	11	10	4	7
ARPC4	5616	7240	7588	8781	6584	5028	5008	5808	6735	4569	4905	3276
CCND1	92	162	92	113	51	45	54	133	57	45	67	67
CENPA	28	40	419	108	173	107	569	194	237	101	582	223
GAPDH	29016	35631	19638	20391	30372	17499	16961	15468	34133	20188	17255	9510
CD244	26	22	278	40	59	23	113	32	79	16	148	86
NDC1	25	19	49	23	33	9	42	23	52	23	42	18
CCNA2	72	71	662	225	286	146	872	384	422	192	975	460
ITCH	763	932	764	615	871	609	467	510	1026	594	604	379
MYB	25	11	504	22	220	69	585	42	394	81	375	91
IMPDH2	473	287	1088	365	454	156	1215	483	636	241	1044	471
ERCC6	65	83	107	69	85	50	66	77	79	68	83	51
TPR	140	171	227	152	190	73	163	131	272	132	200	104
SLC2A1	100	156	54	100	83	51	54	45	113	83	45	24
NFE2L2	1360	3075	1164	1633	1758	1635	834	1191	1921	1682	930	731
SLC7A11	1385	2395	311	220	725	1060	352	1030	583	839	924	964
UBE2C	11	19	171	56	60	31	282	127	75	41	367	147
TFRC	2278	2030	1715	489	2108	930	1594	612	2743	1299	1683	677
CD163	468	861	7	35	1166	500	8	18	1082	651	4	3
PRKN	4	2	1	2	2	3	2	2	4	4	2	0
CDA	749	610	390	195	716	387	280	133	885	417	265	151
PIK3CB	169	241	128	74	181	122	114	65	210	139	134	67
TELO2	28	33	52	22	25	18	51	39	39	27	56	32
COX6B1	6038	6372	7871	5541	6292	3683	6163	4800	6381	3656	5400	3296
NDUFB1	2037	2216	2718	2240	2110	1440	1874	1613	1789	1154	1569	916
MYCL	16	27	20	8	19	16	6	10	23	22	9	12
LDHB	3710	2153	7519	2356	3496	1193	8407	3490	4317	1556	6864	3208
GART	633	594	506	511	613	342	501	445	741	353	423	283
AMDHD1	40	25	86	45	37	18	76	49	30	12	83	40
GLUL	4541	8927	2533	3892	6158	5061	1710	2950	6735	4932	1947	1602
ARG1	3	7	6	4	5	1	2	5	12	3	3	2
PTK2	6	10	4	5	4	4	2	5	7	2	2	1
STK11	165	195	287	194	302	168	190	155	371	207	232	154
THBS1	8	8	8	2	12	6	3	7	13	11	10	5
GADL1	5	7	5	5	7	3	1	1	7	2	0	3
CD63	24158	35509	13367	17398	24822	17618	9454	12799	22932	15380	6940	5035
KAT6A	272	372	431	322	322	210	334	328	432	268	487	270
NRAS	533	701	553	519	610	425	372	372	656	368	348	224
COX14	1268	1260	1419	1303	1319	998	1129	978	1141	635	706	479
AKR1C4	1	5	6	4	2	4	1	5	5	3	2	2
MAPKAP1	750	563	743	456	601	262	662	659	632	301	617	372
CPA3	3	2	5	2	1	5	4	2	2	2	6	2
HNF4A	3	3	6	3	3	4	0	2	5	0	3	1
ITGA1	0	13	5	2	4	2	0	1	5	5	3	2
MS4A4A	751	878	178	454	2188	1442	141	416	2679	1791	146	207
ZNF682	3	4	4	1	6	5	6	2	3	2	2	3
ACY1	6	9	6	5	15	7	8	8	6	6	4	3
MLYCD	79	99	126	79	74	62	98	123	121	66	129	75
PDCD1	3	1	8	5	3	4	1	1	5	6	2	1
LEPR	135	189	115	89	137	88	67	76	128	95	65	59
GBA	1313	1678	1131	1102	1646	610	630	845	1931	784	515	371
CDC20	47	16	426	116	263	111	497	198	389	132	647	261
BHMT	4	3	2	2	5	5	0	4	4	2	0	0
CBL	253	266	312	301	298	162	265	269	383	209	360	269
GPX1	1567	1722	6359	4713	1876	991	4051	3350	1850	968	3110	2047
PRF1	8	9	3	5	4	4	4	2	6	9	1	6
PSMA7	6753	6862	3055	2711	7078	5353	2566	2231	7154	4861	2040	1209
ITGB5	2164	2232	624	1254	3386	1353	288	948	3914	1705	202	232
TTPA	2	4	9	5	5	4	2	2	7	4	5	4
COX5B	6383	7044	10614	8710	5807	4202	7743	6371	5695	3447	5781	3466
CREB3L3	5	5	4	4	11	7	5	0	8	5	4	5
CCL13	50	170	7	7	320	965	1	4	259	522	7	4
UCKL1	292	296	447	242	306	165	330	196	307	155	260	140
D2HGDH	16	16	19	13	18	11	5	11	20	13	24	14
NDUFS7	331	259	493	291	428	222	353	239	459	289	450	280
PDK3	152	244	256	217	214	140	276	245	258	154	330	196
GZMA	19	18	0	0	7	15	5	5	19	10	0	0
DGUOK	1854	1946	1710	1582	1356	1030	1151	1160	1345	903	999	674
NDUFA2	85	70	105	72	66	71	82	55	61	39	66	26
DAO	2	5	4	4	5	7	3	2	7	5	5	2
HRAS	100	97	210	183	67	35	116	180	90	43	134	83
CD3E	2	1	4	2	4	4	6	1	5	1	7	0
PYCR1	1	0	2	4	1	4	2	2	9	3	3	1
SLC1A5	203	162	237	183	302	191	230	176	422	228	263	154
ZNF91	2	0	1	1	3	1	4	3	0	3	0	3
KEAP1	198	375	316	325	310	241	292	300	361	298	297	185
NT5E	45	216	9	41	57	98	5	36	70	158	11	18
ZNF85	3	9	3	4	7	5	3	2	5	3	6	1
COL6A1	134	163	4	2	11	5	3	7	8	6	3	0
NFS1	217	181	278	117	250	122	188	153	322	154	259	123
COL6A3	217	278	41	33	18	5	29	58	15	10	47	27
VHL	454	659	866	660	591	377	729	769	594	452	918	584
IL2RA	2	31	2	28	2	21	2	8	7	17	5	9
COX6A1	3467	3605	4381	3923	2969	1924	3225	2993	2916	1879	2672	1458
ADA	301	290	133	79	911	556	148	118	1136	599	152	80
RPS6KB1	174	210	400	263	213	100	259	240	233	148	332	220
AOC1	17	12	9	5	8	5	5	6	13	6	4	2
ATP5ME	2157	1956	3250	2203	1786	1261	2682	1864	1708	887	1927	1080
NRF1	18	21	25	16	26	15	28	27	24	19	34	16
MAPK1	1406	1589	1609	1436	1267	691	1130	1317	1373	856	1300	750
IL4I1	356	1480	282	5507	1127	1029	131	4221	1221	1344	123	538
AOC3	5	14	2	5	8	22	4	11	7	7	5	3
CCL4	4119	33599	67	8760	6912	25107	60	7066	4868	16485	16	207
DMGDH	4	8	4	6	4	5	6	5	6	3	10	2
HSPA2	8	13	10	12	10	9	5	13	8	11	6	5
CCNB2	167	181	1209	984	485	269	841	899	555	252	728	398
CACNG7	0	2	5	0	2	6	3	2	2	6	6	2
NDUFA3	1249	1210	2268	1513	1160	734	1563	1171	1136	612	1327	789
ITGA11	10	7	2	3	4	10	3	1	7	7	4	2
USP8	1013	1343	506	465	1294	797	347	360	1442	945	384	254
SOX2	3	6	1	4	9	6	0	4	2	2	4	1
SOD3	5	14	2	7	3	3	1	1	13	8	2	2
CSF3R	74	155	212	364	159	105	129	320	163	128	111	124
TRAT1	4	2	1	1	6	2	1	4	1	6	4	3
STK3	275	625	202	325	329	346	171	268	361	339	180	112
SLC2A8	16	25	3	2	16	7	5	2	12	7	1	2
LDHC	13	13	7	6	14	7	9	4	8	14	3	2
HSPE1	6045	4932	4502	3884	4883	3924	5848	3985	5061	3051	3550	2074
TDO2	54847	99092	63	692	53958	57372	63	437	50892	46591	27	41
ACMSD	20	45	1	6	24	30	4	3	24	21	4	1
APOA2	7	13	2	2	11	6	3	4	7	7	3	2
PSAT1	148	96	187	220	138	66	166	260	180	85	145	101
RPTOR	79	60	271	166	75	33	200	142	80	51	195	158
GLUD1	1474	1653	1628	1433	1666	849	1356	1320	1903	1139	1437	815
CD209	966	1346	34	73	1231	675	32	90	1471	855	7	6
CYP1A1	17	14	10	5	41	31	19	19	47	52	51	44
MYC	310	473	497	147	531	308	739	203	661	340	340	151
HJURP	10	10	140	36	34	14	195	67	70	34	313	122
FASN	176	95	141	54	148	57	206	70	226	64	241	93
PRKAG1	436	545	534	455	476	332	302	336	501	366	321	205
CTCF	198	279	413	285	326	163	317	254	357	192	396	205
APOA1	7	9	4	4	4	3	1	3	3	3	3	2
VEGFA	3622	6863	206	305	1433	1026	193	500	1627	1295	116	109
FAM30A	3	7	0	5	7	3	3	3	1	7	0	3
NFAT5	114	197	44	51	91	58	34	67	89	97	42	40
NOS3	6	9	11	4	12	8	13	4	10	3	10	3
MAPK8	190	267	267	267	275	239	257	232	317	198	213	154
ACAT2	1102	843	810	412	705	368	796	313	739	292	652	353
ADK	1422	770	8299	2618	1815	999	4511	2363	1869	978	5063	3219
NAALAD2	15	23	18	21	15	16	17	14	23	14	12	13
CYP4A11	11	9	6	7	14	7	4	1	11	6	3	4
NDUFA4	5758	4581	7834	4673	4739	4427	6680	4138	4076	2540	5706	3279
IDO1	27	1728	6	346	33	484	6	292	25	370	8	40
NDUFB11	951	1087	1395	1088	905	650	1200	983	934	581	1127	676
TRAF6	118	195	219	217	176	156	158	163	164	141	160	93
PPARG	527	581	536	541	434	336	420	463	505	338	326	264
ACAP2	428	522	720	636	640	401	406	460	681	404	443	315
CACNA1E	3	3	5	1	2	7	6	2	6	1	4	3
PGAM2	5	10	2	4	8	4	2	0	3	6	3	4
ALOX5	8	12	6	9	5	9	5	6	13	9	7	7
LDHA	8790	11586	4331	6819	7363	3692	3962	4006	8928	5079	3350	1683
HIF1A	1398	3223	1143	3010	1658	1327	711	2262	1904	1427	715	720
PSPH	50	37	103	68	53	30	106	66	58	34	84	60
SLC16A2	3	6	1	6	3	1	1	4	4	7	3	3
CTSA	4063	4687	2245	1837	4909	1994	1437	1597	5426	2485	1641	1065
LTA	6	15	2	6	16	7	4	6	12	8	3	7
CYP4A22	4	12	6	0	5	4	1	5	4	4	5	2
SOD1	2568	2759	1338	1006	3123	2104	1288	1022	3169	1913	1106	607
SDSL	90	189	75	163	103	69	45	166	79	68	53	69
LAMB1	7	10	4	8	4	2	3	4	5	8	9	3
GNS	959	1473	1569	2437	1503	886	855	1448	1735	1039	780	634
WDR45	273	394	479	594	293	209	261	393	321	223	237	189
PYCR3	27	30	33	22	28	16	29	9	26	19	21	6
TBK1	267	530	225	258	419	322	156	260	457	361	179	130
MGST3	9640	10744	5680	5580	8574	5911	4893	4414	7347	4176	3064	1860
PKLR	4	9	4	7	6	6	5	10	3	2	12	4
IDNK	39	62	127	94	24	17	61	68	36	21	71	21
CYP8B1	3	9	4	3	4	8	5	5	6	6	8	5
COX4I1	3843	3753	5987	3773	3858	2103	4396	3202	3899	2035	4159	2369
ZNF254	55	80	106	62	63	48	87	69	50	54	90	46
ATF4	3383	5101	3135	4112	4014	3726	1957	3978	4261	3524	1988	1880
RIMKLB	33	38	73	57	60	38	57	47	61	45	49	31
BCL2A1	6880	8724	757	1400	8350	7959	625	1089	7286	5491	446	460
SDS	105	1120	61	916	292	318	24	919	322	401	23	104
BRIP1	16	35	91	432	30	17	84	171	60	31	105	86
FASLG	14	19	5	51	6	13	2	47	5	9	1	4
FCRL2	3	6	1	1	9	4	2	2	3	9	5	3
MKI67	10	8	105	37	60	32	95	55	76	30	151	74
CARD11	2	6	1	4	2	3	3	4	3	4	5	3
PPARGC1A	3	4	11	7	28	18	19	9	40	16	17	4
PRIM1	41	34	154	77	85	39	229	81	93	23	207	97
CS	629	470	1074	547	612	269	1011	642	748	334	973	533
AMPD3	572	1840	510	1099	1158	1216	243	639	1195	1131	328	243
ACADL	0	7	3	2	7	1	8	2	8	5	3	1
ASPG	3	1	2	2	1	5	1	2	3	5	2	4
FOLR1	8	6	8	3	5	4	1	6	5	6	8	7
NOX3	4	9	2	7	2	6	2	4	5	8	3	6
PHGDH	229	181	363	243	277	109	293	310	366	147	371	228
APOB	6	14	6	5	11	5	13	13	11	11	11	12
MPC1	435	310	1057	711	418	316	696	303	480	319	561	286
H6PD	133	100	309	292	83	41	183	254	122	67	249	190
ENO1	5557	6224	2631	2595	4448	2026	2633	2281	5837	3065	2332	1399
MAPT	96	101	115	60	88	38	85	61	105	65	117	54
FAHD1	150	153	161	101	123	68	127	137	160	80	102	80
IDH2	1077	1068	2071	1459	1342	705	1566	1220	1814	1004	1715	915
NKG7	2153	4359	1241	1794	3192	2100	1009	1276	3753	2480	1149	776
PGD	4508	7602	1659	1660	4572	3981	1374	1945	5376	4162	2140	1594
ADH1C	4	9	1	3	2	3	2	2	6	2	7	5
RBBP5	197	267	230	188	236	212	150	147	317	245	198	114
GMPR2	274	335	517	555	402	245	351	455	442	258	367	231
NOX4	2	1	2	2	6	2	2	1	1	4	1	3
CCNA1	128	2191	801	1294	608	822	577	1043	784	976	486	286
PCK2	258	346	214	238	567	397	150	210	637	468	124	98
SEM1	4	6	4	5	2	2	0	4	6	7	8	4
LAMA4	2	8	11	6	8	2	4	9	2	3	5	6
NPR1	2	11	2	0	5	2	3	0	0	5	3	2
BCL2L1	566	748	633	1300	875	643	380	663	949	676	343	213
CTSZ	5529	9808	3641	5707	12719	7499	2735	5480	14959	9752	2563	2125
NUP205	224	251	350	300	370	203	244	361	464	280	307	201
NDUFB2	1448	1516	1136	1252	1573	1127	1021	1212	1606	933	1006	617
MPC2	1191	796	1033	507	906	574	751	541	880	440	764	420
UCK2	519	410	342	142	467	240	461	186	592	282	307	151
CD247	7	5	3	3	7	1	3	6	4	8	6	4
SEC13	2140	2325	1132	1083	1609	1171	968	965	1730	1257	848	576
TPH1	1	3	3	6	2	3	2	6	7	2	7	2
GNG12	299	415	191	254	348	240	134	188	328	226	99	62
KYAT3	328	482	405	485	438	354	290	327	367	251	281	198
NDUFA1	5978	6283	4537	3296	6481	5106	4090	3257	5600	3558	3131	1822
SLC3A2	1198	1952	798	627	1433	1225	580	743	1503	1318	1058	773
GRAP2	4	11	15	4	9	4	7	9	7	4	10	11
KIF2C	21	14	177	43	143	71	193	131	189	107	381	180
APOE	154	325	94	102	32	12	151	184	52	23	298	270
LAMC1	181	153	296	188	203	72	234	229	248	114	300	166
WASHC4	588	1117	588	938	791	620	318	853	830	665	340	424
IRF4	3	6	7	0	2	10	4	2	5	7	0	5
PLCG1	188	189	161	65	309	113	119	81	321	143	113	91
NOX1	2	11	0	1	2	4	6	1	2	9	9	10
STAT3	869	2035	1066	2037	1321	984	544	1546	1484	1140	686	603
CTLA4	0	0	21	18	0	0	6	8	0	11	5	2
PDP1	106	105	246	156	158	99	178	115	176	106	199	126
ALDOA	19058	26635	12367	16844	20227	11981	10644	13787	22787	14407	9883	6267
TK2	85	108	143	110	109	40	100	115	122	91	118	59
AFMID	41	29	90	30	34	18	80	35	42	22	76	30
KPNA2	511	390	1180	710	680	359	1242	802	986	451	1383	668
RICTOR	249	618	378	824	324	251	177	601	385	321	212	287
PEBP1	1085	837	1631	1199	992	370	1566	1235	1169	467	1278	745
CD274	6	106	4	80	17	43	1	72	20	36	2	14
HAAO	84	88	222	113	94	57	133	82	104	34	99	62
IDH3B	1791	1775	1154	898	2354	1376	969	862	2697	1633	1068	624
RPS6KB2	139	114	225	135	106	48	139	140	124	52	158	68
EZH2	35	44	138	76	98	71	176	113	141	75	187	108
HSF1	520	627	653	690	467	305	519	655	551	308	703	396
NCOR1	342	369	634	450	417	225	394	408	484	287	564	358
CLSPN	25	17	117	49	58	23	155	90	108	36	188	96
BCL2	40	49	181	116	139	104	178	159	158	94	233	141
CD4	547	583	2353	1465	904	344	1257	1100	1151	447	1150	615
APOC3	3	6	3	0	8	5	3	5	1	4	1	2
PIK3R1	225	422	473	636	383	264	284	626	529	322	283	276
HEXB	4325	5175	3249	3419	4124	2294	2302	2811	4252	2223	2056	1540
SLC16A13	17	21	11	21	18	13	9	15	16	13	7	8
HEXA	2523	3325	1581	1627	2470	1457	1048	1324	2672	1699	959	752
TECR	612	653	771	350	677	326	625	422	854	415	620	342
NCAPH	80	44	241	98	100	45	316	201	139	95	445	193
AMPD1	4	8	8	4	7	4	0	7	3	9	1	6
NDUFA13	3404	3208	4537	3712	3875	2362	3368	3051	3692	2373	3140	1964
SLC16A3	1851	3736	1580	1831	2193	1594	1360	2131	2861	2202	2059	1553
INSR	153	96	220	58	167	81	186	65	234	92	213	100
COX5A	7308	6817	5185	8135	7989	4908	4153	5135	8412	4778	3391	2300
CD8A	4	8	3	6	2	3	6	5	3	5	4	6
DGLUCY	147	196	454	350	179	108	313	339	185	122	314	270
PDPK1	154	180	239	170	173	96	156	156	217	108	179	111
KYAT1	12	17	29	11	10	7	18	11	16	9	16	14
CPT1A	69	62	243	96	123	38	217	150	135	44	281	123
S100A1	2	8	5	5	4	2	3	2	3	3	1	4
PSMD13	1260	1386	912	999	1400	1143	755	751	1435	959	586	397
MYBL2	45	9	438	184	178	55	653	349	292	96	754	398
PTPRC	123	327	392	575	364	244	145	409	313	243	207	164
PEMT	77	54	84	29	64	33	77	48	97	44	62	25
ABL1	118	132	177	153	153	94	126	146	188	131	184	111
IDH3G	571	717	373	369	727	415	294	313	819	496	249	181
PSMB1	1994	2353	1559	1450	2143	1576	1280	1321	2224	1610	1183	766
LY96	1224	1162	513	1130	1589	1151	295	711	1111	727	178	194
RAD51AP1	23	23	189	130	75	38	193	186	83	52	205	125
PRDX5	1388	1201	2041	1412	1100	522	1300	1011	1074	495	1355	802
TCL1A	0	0	5	0	2	0	4	6	0	7	1	5
TFAM	134	78	194	134	128	89	190	102	165	76	191	93
TRAF1	318	897	185	425	175	340	97	345	181	316	105	128
STAM2	389	630	356	471	523	455	222	406	562	396	249	188
NDUFA6	1863	1706	1757	1259	1481	1035	1551	1103	1588	988	1363	781
ZNF100	8	14	36	30	15	14	37	44	19	14	45	22
ASH1L	159	198	209	148	184	96	128	154	188	142	214	117
BRCC3	379	338	345	223	490	181	291	187	643	270	279	156
PRKCG	9	3	1	2	3	3	2	7	3	3	0	2
GCK	5	14	4	2	8	7	4	6	5	5	6	3
VPS28	538	592	743	620	510	396	481	415	565	313	472	259
FNIP2	734	2388	314	757	1481	1473	152	665	1490	1490	207	199
EFNA4	45	75	91	75	72	65	67	65	75	61	72	48
NFKB2	412	695	183	305	452	341	130	248	520	411	115	89
NADK	405	1277	464	1083	991	881	264	881	1105	987	276	394
ASMT	2	3	3	1	3	1	3	1	4	3	2	2
CD36	3102	1598	3025	2400	8532	3044	2510	1795	8128	2973	1767	1059
ASL	465	400	1040	588	522	297	652	456	529	324	585	333
CD40LG	8	3	4	5	16	3	3	5	8	1	1	4
KLRK1	5	9	11	7	12	9	8	7	7	10	7	2
CD27	5	3	5	1	5	5	3	5	2	5	5	2
ARF5	248	228	702	514	399	262	429	395	429	220	379	223
PCLAF	10	6	78	25	55	22	114	49	71	31	112	38
NDUFA7	612	625	1017	773	677	427	642	540	700	402	516	310
BLK	1	5	4	2	6	2	1	2	0	2	2	3
SPIB	5	6	3	3	5	4	6	3	9	2	7	2
PDCD1LG2	19	74	14	101	40	56	7	76	35	37	7	14
UPP2	7	3	6	5	4	4	3	2	6	5	3	7
NOD2	33	72	18	13	33	27	16	17	36	38	15	15
NDUFA11	7	2	1	2	1	2	3	1	3	3	5	2
PIK3CD	278	244	748	890	464	170	409	513	592	274	514	362
PAH	5	5	5	0	6	1	3	4	8	2	3	2
PTGES	60	156	1	8	32	47	1	0	73	52	3	2
GLS	1599	1689	1570	1205	1150	783	1216	1527	1340	781	1310	894
GPS1	407	384	527	448	403	187	432	330	476	254	433	267
STAT1	6800	16466	5699	16028	9038	7366	1263	19057	9853	8513	877	7665
IL7	6	4	3	4	9	2	7	11	3	8	5	2
WNT2	7	6	6	9	9	7	7	11	5	8	2	3
CD180	108	217	1241	1156	420	193	627	828	491	269	826	587
FAH	1375	1556	484	397	1474	1090	540	538	1824	1295	563	365
AP2S1	4249	4862	2810	3525	5223	3181	2327	2764	4925	3021	1738	1140
AGXT	7	8	24	7	18	12	8	10	10	10	8	5
NFKB1	114	240	113	178	156	127	105	183	212	148	134	91
CAT	679	477	1857	365	682	244	1690	411	741	293	1384	534
ALDOB	6	7	2	7	8	4	5	8	14	4	5	9
KIR3DL1/2	16	17	6	23	21	14	9	11	21	15	11	5
JAK2	120	290	294	363	216	221	138	271	218	239	177	150
MTF1	409	604	150	139	536	397	116	122	499	410	118	102
SMAD4	234	342	276	307	322	265	236	286	423	279	277	193
ARID1A	130	214	212	150	230	147	152	122	274	178	219	134
S100A12	117	212	27	14	62	54	30	14	72	52	35	11
DEPTOR	9	11	37	9	10	7	32	14	15	9	21	8
GCLC	673	680	670	682	1188	783	484	625	1308	802	545	466
CYBB	1157	1330	2713	3996	4605	2623	1816	3964	6633	4522	2228	1815
SOS2	128	182	219	77	168	111	150	90	204	101	232	103
SCD	1680	1551	864	782	887	375	1083	892	1161	527	933	498
RANBP2	434	468	451	378	407	150	392	442	564	274	441	277
SDHC	1233	1263	815	600	1178	868	660	605	1076	680	646	412
ICOS	7	6	4	0	8	4	6	6	10	3	2	0
MCAT	10	7	16	14	12	11	11	13	17	6	8	13
BAD	136	156	176	101	141	83	148	111	158	92	108	80
PRDX1	11824	10502	2867	2429	7315	4095	2777	2674	7658	4046	2098	1288
PDK4	4	5	3	4	4	2	5	3	1	2	1	2
XRCC2	6	8	71	18	26	10	84	37	22	16	86	42
PFKFB1	3	7	2	5	4	2	8	3	0	2	9	4
DUOX1	2	6	1	4	5	5	3	4	6	5	1	4
CXCR6	2	1	9	0	4	2	5	2	8	4	0	1
DDC	4	2	2	3	2	1	6	5	7	1	1	3
CACNA1A	2	3	4	7	7	7	5	8	3	7	2	2
RBKS	61	52	173	198	85	47	84	55	87	31	94	41
CACNG2	2	6	6	3	6	3	6	6	3	3	4	9
GZMH	7	9	6	3	3	4	5	4	5	5	3	3
ATOX1	596	793	521	644	733	523	426	549	649	423	368	239
FOXP3	0	9	4	3	7	6	5	4	6	2	5	3
UQCR11	45	41	56	44	63	49	45	37	68	40	30	9
MPO	3	8	3	1	7	3	3	2	3	7	4	4
HMOX1	371	803	606	892	1877	1710	604	1980	1733	1442	1067	1398
GZMB	202	608	30	60	259	246	12	18	349	332	6	5
ACACA	9	13	20	12	15	12	31	8	13	2	20	12
SOD2	1137	9436	734	862	1618	5260	714	938	1589	4339	689	357
SH2D1A	3	5	6	5	2	7	2	0	7	4	1	0
AR	6	8	0	3	3	2	1	3	3	3	3	5
TLR7	4	5	12	45	4	2	5	26	6	3	7	2
CACNG3	1	2	3	5	8	7	6	2	9	4	1	3
KDM3B	196	286	408	303	256	151	309	250	298	162	409	196
CHMP2A	512	717	1141	1189	668	410	749	832	684	452	682	458
CEACAM3	4	7	5	10	4	3	6	3	9	6	5	4
CD3G	3	2	3	4	0	1	3	8	2	3	0	3
TP53	14	18	44	40	28	14	29	39	24	12	32	18
SNF8	889	955	1262	1298	947	527	1029	1265	1069	692	1114	746
GAPVD1	418	454	461	387	464	250	365	373	569	278	405	233
PCK1	3	3	5	2	6	3	3	6	9	5	4	2
PUDP	55	58	50	32	44	22	36	44	43	26	23	14
ALDH2	10	15	12	9	10	10	10	11	10	6	16	9
CA9	4	4	3	1	2	4	5	9	7	3	6	3
AK3	101	147	200	171	175	107	131	139	173	103	147	120
YWHAZ	8723	11880	8361	8490	9903	6818	6011	7207	10768	6926	5774	3792
TYMS	43	29	488	144	266	133	849	336	441	188	800	348
BRCA2	20	19	33	40	15	12	42	43	29	7	67	30
CHMP6	184	320	296	314	229	184	218	257	242	188	213	133
CD28	3	3	5	5	6	6	5	6	7	1	1	0
TET2	90	183	170	299	125	97	109	288	162	120	128	107
TYMP	808	2010	746	2789	1091	746	267	2878	1067	916	205	684
FPR1	35	159	154	1845	59	50	54	728	75	42	115	184
GAD1	26	36	102	62	63	43	59	52	46	38	53	36
MAP1LC3B	1013	1246	1309	1131	1105	954	762	1060	1150	934	887	717
FTCD	0	3	5	8	6	0	5	3	7	4	6	2
HLA-C	5082	13041	6340	17220	10385	9688	2804	12386	11632	10952	3197	5491
SRR	67	104	68	65	73	53	57	55	78	53	56	48
NDUFA12	1692	1679	2705	1858	2114	1643	2031	1765	2130	1423	1719	1112
FH	916	560	647	297	735	315	602	307	835	369	594	295
BRAF	146	231	190	178	298	205	126	185	342	219	158	113
KMT2E	217	401	328	391	369	264	175	242	387	285	238	157
MS4A2	4	6	3	0	7	5	3	9	4	5	3	7
TNFRSF4	4	3	6	2	6	7	5	2	8	7	2	3
ATF7	199	288	354	284	224	146	198	258	239	172	216	153
GAPDHS	2	1	5	8	7	2	3	4	3	2	2	6
AKT2	506	659	981	1456	658	396	693	1247	702	445	710	497
KMT2D	88	152	160	165	168	108	117	150	210	153	196	119
NDUFB10	633	545	895	437	541	274	770	365	499	269	624	320
NR2F1	5	11	11	5	5	9	11	14	9	6	6	4
RRM1	89	110	255	212	156	91	248	229	213	138	260	127
KLRD1	7	16	11	19	12	18	16	21	17	15	11	15
COX7B	7458	6678	8590	5431	7389	6307	7105	4784	6073	3488	4579	2695
CBR4	227	234	349	151	204	130	232	157	246	160	245	130
MAP2K1	1742	2809	632	1134	1771	1317	453	719	1884	1395	448	283
ERN1	133	192	86	101	190	145	67	79	212	174	111	71
COPS6	1855	1606	2522	2010	1812	952	1952	1585	2035	1127	1781	1072
CD14	194	465	6	48	489	412	4	11	572	468	3	5
IL2	7	7	7	14	12	6	9	10	10	10	4	2
PSME2	3904	9100	2553	6410	3190	3479	1579	5527	3138	2890	1422	2056
CDCA8	14	20	114	39	64	26	146	70	106	40	190	96
TLR4	458	641	780	1259	830	543	574	1010	837	570	358	312
GNLY	10	13	3	8	30	15	3	2	19	19	5	4
ITGAM	1136	1589	1871	1678	798	474	789	902	1032	622	906	614
RRM2	187	115	932	208	870	480	1756	549	1378	815	1572	639
COX7C	550	566	981	714	515	347	864	752	489	314	831	546
SLC3A1	0	3	5	4	9	3	7	8	9	5	3	3
SHMT1	63	53	168	114	116	35	142	90	123	71	207	101
TBX21	40	74	4	2	14	12	1	3	18	15	5	2
FANCA	37	20	105	37	42	23	130	75	71	25	180	95
OGDHL	1	9	2	5	4	5	3	2	8	3	2	6
HSPA4	485	420	432	347	452	262	386	357	577	311	384	224
CD19	5	6	3	3	3	4	10	7	3	5	0	4
LAMTOR2	939	1190	1712	1824	1042	710	1198	1265	1059	697	913	645
MAP3K12	24	15	55	19	27	24	37	24	35	16	33	20
NUP62	377	617	404	557	447	325	383	562	529	419	394	294
GDA	0	0	3	6	2	3	4	8	4	5	6	5
IMPDH1	305	187	372	131	426	147	379	158	550	206	325	163
GLRX	3020	7322	1133	2189	4073	4560	668	1472	3770	3471	505	425
RB1CC1	337	400	443	363	505	265	306	331	562	363	361	202
SERINC1	1570	2121	2578	2293	1615	887	1489	1671	1701	1064	1494	947
NAT8L	13	5	27	13	23	3	56	15	29	11	56	16
PRR5	32	39	74	75	60	54	42	42	56	46	46	26
ACAA2	602	584	669	461	902	545	663	705	968	588	764	532
BTK	427	758	460	827	624	487	345	583	747	540	352	246
FDX1	1158	1385	1409	1987	1061	987	814	1284	1133	881	674	617
HK1	725	679	593	606	873	331	440	551	997	495	556	354
CMKLR1	1096	1434	53	416	1018	833	37	222	998	852	19	25
SLC6A12	20	31	13	16	20	8	6	21	29	13	3	7
SLC27A1	12	17	30	21	18	5	12	21	22	16	18	17
ATP5F1D	462	442	671	373	456	232	610	411	505	239	498	272
SLC16A11	1	1	0	1	5	0	1	1	6	1	1	1
ASS1	240	275	248	335	225	102	194	243	243	129	128	97
GRIN1	0	3	2	5	5	3	3	4	5	4	2	3
NGFR	5	7	4	7	3	4	3	5	12	4	5	5
TIGAR	61	45	61	46	94	34	39	47	105	50	82	50
PTEN	338	580	877	443	673	576	516	315	639	653	771	434
BIRC3	15	46	4	3	13	15	5	14	7	8	1	5
SLC2A14	1890	3274	571	1404	1455	1075	279	618	1611	1300	336	262
DUOX2	5	5	2	10	4	6	6	7	7	3	4	6
FCAR	4130	4423	847	955	5156	3268	832	383	4638	3239	359	180
PRPS1	370	425	203	152	472	283	201	228	463	276	130	82
FLT1	111	468	3	57	89	119	7	24	69	115	5	6
FDXR	6	9	9	18	13	2	9	15	10	12	11	9
ASNS	29	13	75	58	22	16	33	70	38	11	45	31
MSH2	401	349	510	324	377	136	511	292	434	209	458	225
PIK3R2	131	90	252	105	147	53	199	146	165	69	203	100
KRAS	212	331	343	332	281	220	253	272	325	214	273	169
HLA-A	5668	12553	4220	9683	10388	8517	1875	7361	12069	10300	1827	2611
PRODH2	6	6	2	8	13	4	1	1	4	6	3	4
L2HGDH	24	24	33	23	23	16	47	25	43	26	34	17
HLA-E	3639	12182	4688	16394	8513	7514	1559	10086	9398	8766	1482	2792
MAP2K2	373	450	335	308	558	413	297	294	574	418	314	195
PLA2G15	430	362	709	730	529	244	442	566	696	357	448	315
ATG101	249	374	205	278	232	213	182	242	281	214	160	106
LY86	126	213	2251	2597	259	295	1215	1510	271	281	862	855
GYS2	0	7	6	5	9	1	1	8	6	10	3	4
PDK2	89	56	144	75	81	29	88	69	67	36	84	50
PRKAA2	7	2	5	6	9	5	3	5	1	6	9	5
MTOR	131	126	141	88	162	95	119	110	231	113	151	90
CD6	2	10	13	12	4	6	1	7	3	10	16	7
TP63	5	9	6	3	7	10	2	9	5	4	6	5
TIMELESS	42	44	96	86	71	29	146	101	76	38	159	99
HSD11B1	6	12	36	86	20	19	29	42	16	18	46	13
PTGS1	598	845	557	553	288	158	353	703	492	247	364	259
FANCD2	33	32	305	132	65	46	292	205	96	40	362	172
BHMT2	3	13	3	4	6	8	6	7	7	11	6	4
CCL5	4199	14358	1610	3953	6009	7876	1071	3600	5872	8886	952	1121
SOS1	174	322	263	289	271	166	176	255	329	216	264	190
SERINC2	41	53	75	61	86	38	55	63	80	36	90	37
STAT5A	107	158	208	219	166	88	154	186	233	124	158	104
THBS2	8	7	4	5	7	2	7	5	7	4	8	6
SREBF1	239	327	223	297	219	108	175	196	253	181	112	77
ADH6	5	15	10	8	5	9	5	6	9	11	9	9
PPAT	152	105	215	76	144	63	222	84	162	67	185	65
NDUFB7	745	604	1337	934	835	463	1044	754	784	507	890	490
NADK2	148	147	197	108	154	90	193	110	201	130	235	99
FNIP1	3	4	0	4	2	5	1	2	3	4	5	2
ADH1A	1	3	4	3	5	2	2	3	5	2	2	0
ZNF253	9	15	90	56	10	7	76	55	6	1	89	55
CDK9	215	372	419	276	281	185	247	252	292	227	286	146
NDUFB8	1358	1155	1882	1418	1417	643	1527	1327	1374	689	1239	797
KYNU	764	2072	416	1085	349	391	253	900	434	430	252	349
GOT1	48	50	116	71	97	51	91	75	133	74	102	53
PRKAG2	313	582	369	670	754	694	186	471	724	685	160	302
ME2	669	1150	442	779	1704	1241	421	770	2084	1434	397	287
FOLH1	1	3	3	2	6	5	3	1	6	9	9	7
XDH	6	12	3	5	10	5	1	1	10	11	0	10
RBP4	5	8	5	4	9	5	3	6	5	5	4	4
ADH7	4	4	0	4	5	2	2	5	3	2	2	4
GMPR	683	3024	479	4162	1214	1371	177	3223	1424	1589	123	1000
LTA4H	244	127	415	128	326	118	408	159	436	191	406	221
ZNF610	2	8	3	9	1	3	3	3	3	2	5	3
BRCA1	20	25	92	44	41	14	98	84	54	28	122	66
MYBL1	7	8	12	7	5	4	14	20	14	8	25	4
SRM	1297	634	1005	323	849	286	1110	496	1119	415	937	452
APOM	30	29	19	21	25	14	28	23	18	14	29	10
PYCR2	553	593	540	363	574	363	413	377	658	363	428	245
NSD1	145	169	249	149	160	76	168	128	212	148	231	129
ADH4	4	3	4	1	9	4	2	3	4	2	4	2
TPX2	42	51	486	236	261	125	647	382	435	212	895	424
ALOX12	1	2	3	4	4	2	1	6	1	2	3	2
FGF1	1	5	4	4	6	4	3	4	2	3	4	2
ASPA	8	6	7	8	7	5	4	3	6	5	3	1
APRT	561	446	744	453	587	261	691	400	692	285	534	277
COX8A	2400	2986	2943	2407	2610	1827	2343	2115	2685	1799	2381	1378
EGFR	5	4	5	1	8	4	5	6	4	3	7	7
TXN	11253	13765	7562	6160	8443	7226	7275	7392	8299	5066	6406	4679
DCK	169	145	745	246	292	125	528	260	270	166	518	222
NCOA2	100	234	341	285	182	135	198	261	177	137	308	208
SLC16A8	3	8	4	4	3	5	6	4	3	3	4	3
CLOCK	46	46	38	43	76	32	32	59	67	30	44	28
DERA	248	273	387	378	243	155	340	283	291	153	302	158
FANCI	36	47	146	52	87	43	159	114	140	95	215	118
EME1	9	11	41	12	13	17	45	20	18	16	61	22
RIMKLA	2	4	2	5	4	0	6	1	2	3	5	5
ODC1	1096	611	541	272	490	269	704	280	585	345	544	272
PGM2	365	389	721	768	408	208	504	503	503	286	469	269
CD3D	3	4	1	1	4	5	9	4	5	4	5	3
NME1	1182	774	946	545	886	498	1106	621	927	500	725	358
MRAS	194	234	108	219	214	147	105	211	251	199	76	103
ACACB	12	9	30	18	24	14	26	12	23	16	32	17
PSMB3	2632	3142	2575	2533	2951	2374	1988	1973	2821	1959	1610	1055
APOC2	522	570	89	107	23	12	73	72	27	10	75	54
MAT1A	6	7	13	8	5	9	10	6	6	15	7	2
RPL23	8296	6411	15533	6893	8086	4436	15600	8903	8762	4132	14347	7709
ALOX15	15	23	44	80	20	11	22	22	20	13	11	8
SLC16A7	6	8	7	5	9	5	7	3	10	4	8	2
HADH	323	145	600	161	268	106	591	187	292	133	508	202
SLC6A19	5	15	12	11	9	2	5	9	9	7	5	10
ENO3	4	10	19	7	12	9	10	10	12	8	19	10
AOX1	6	6	7	5	8	2	7	8	7	4	9	6
ZNF708	18	25	97	62	17	18	61	58	16	12	70	45
ACOT12	3	5	4	11	8	3	11	9	6	5	7	5
BUB1B	24	7	175	34	78	37	196	78	132	56	261	125
HLA-DRB1	106	170	157	171	62	49	115	138	102	76	111	89
IDH1	2181	2636	2964	2347	3310	1895	2002	1481	3763	1990	1605	806
ASCL1	3	5	8	3	6	2	6	2	10	3	7	0
UBE2T	114	36	372	99	233	139	441	138	260	123	366	168
CAD	139	97	278	122	155	52	314	155	166	65	307	154
LAG3	3	11	3	8	6	5	9	7	12	6	4	4
FOLH1B	4	4	4	5	6	4	5	2	6	4	3	3
KMO	234	660	259	765	473	699	98	696	346	460	106	168
PTGER4	84	119	157	103	102	89	141	89	98	75	134	61
SELENOK	33	32	38	44	44	29	20	19	37	31	33	16
MAT2A	1006	1616	1250	2168	1439	1018	1141	1383	1429	1090	988	654
INMT	0	4	5	5	4	2	1	5	3	1	4	2
GPX4	2914	3312	2586	2211	3727	2338	2312	2115	3731	2192	1950	1226
TK1	12	11	59	22	22	13	69	33	36	26	93	44
LAT	1210	1338	293	171	1229	753	199	170	1127	658	120	73
SREBF2	352	393	442	319	326	142	354	335	393	211	433	227
MLST8	92	52	109	73	93	35	103	83	120	56	114	60
PPM1A	344	488	468	351	402	286	341	305	459	300	376	248
ACOX1	509	462	591	452	416	211	425	385	472	259	436	284
WRN	50	37	63	35	45	18	68	51	56	40	73	51
AKT3	122	151	427	341	97	54	248	289	109	82	309	165
PSMB10	193	570	346	704	319	313	221	510	409	369	222	226
RUNX2	7	9	7	8	6	3	4	10	6	3	5	5
KLRB1	5	8	5	5	9	1	5	9	6	2	1	3
PFKL	829	1305	720	778	928	480	497	639	1049	648	640	359
SLC7A9	5	9	4	11	4	6	2	10	7	7	9	7
A2M	969	1091	3343	3697	1046	361	1968	3269	1623	685	961	816
SLC7A5	767	686	1318	790	811	422	1141	881	1059	606	1764	1199
CTSS	7587	18341	7286	20335	8723	7421	3926	14020	8352	6822	2723	3926
PTPN5	6	11	5	10	4	4	9	13	7	2	7	6
NEDD8	1629	1752	1809	1834	1422	1146	1336	1443	1398	894	1262	798
ADAL	89	104	104	69	102	73	72	70	122	74	71	46
PIK3R3	29	31	41	25	43	22	26	31	55	36	31	22
PIK3C2A	251	285	258	185	315	182	171	201	345	223	274	150
PIK3CA	170	203	232	285	209	126	153	279	203	144	192	135
IRF1	37	99	55	143	53	75	47	132	63	74	72	110
PDHA1	639	637	596	294	571	258	686	347	830	353	576	298
CAB39	1452	1858	4764	6191	2018	1124	2862	5153	2191	1339	2562	1955
HLA-DQA1	6	8	2	8	8	1	4	8	9	5	9	2
NQO1	1130	1220	461	327	661	464	463	496	690	423	604	453
AGXT2	8	6	1	5	4	3	2	3	6	5	4	5
GLS2	2	2	1	5	4	2	7	3	4	7	5	0
HACD2	163	85	392	183	136	60	266	183	202	96	261	172
MSRB2	202	310	527	543	307	174	450	410	321	182	411	287
RUNX1	203	247	186	246	317	237	217	280	385	262	262	161
GPT	4	2	4	5	3	4	6	4	9	5	4	3
PFKM	16	17	23	19	24	14	19	19	29	20	20	17
TKT	1624	1448	887	443	1787	810	1061	762	2283	1127	1642	946
CTSW	16	31	14	11	15	13	5	12	16	14	10	7
PKM	12391	15801	2820	2874	11885	6696	3198	3870	13537	7887	2530	1653
TXN2	515	533	749	660	576	354	568	482	656	400	541	289
CPS1	14	18	74	63	24	10	60	68	29	13	69	59
ECHS1	184	193	355	282	200	82	350	259	212	99	269	133
DTL	10	5	37	15	19	12	43	35	33	17	46	24
KRT1	6	3	3	4	3	5	3	3	6	5	1	2
UQCRQ	1554	1364	1363	988	1162	786	1336	939	1158	610	909	528
RELA	189	426	233	298	269	229	166	259	319	287	202	161
NPR2	5	6	10	5	5	4	5	4	14	4	1	2
RRAGC	695	1240	595	953	1105	954	377	671	1116	914	421	357
PNOC	7	9	11	36	16	3	10	14	25	21	5	3
MYD88	2363	6660	2645	6902	3785	3275	1110	5566	3969	3831	1251	2573
SIGLEC5	138	434	143	728	374	271	95	505	442	372	102	187
LTB	15	10	22	15	9	4	20	14	19	10	20	16
APOA4	10	9	6	7	11	7	2	2	8	6	9	4
SHMT2	390	379	455	305	433	237	364	350	529	324	380	224
GSK3B	339	418	584	427	413	269	423	421	496	316	500	318
AKT1	314	447	377	387	328	156	262	376	333	191	365	231
UPP1	2876	4515	1289	4683	1531	1832	881	3645	1452	1524	1122	1482
PRKAA1	446	573	919	737	665	382	569	508	689	407	521	353
GOT2	233	215	295	140	218	101	288	193	294	165	308	175
ZNF93	4	8	75	48	6	3	51	36	3	4	70	45
ZNF675	37	55	169	97	52	19	142	106	34	35	130	70
PLK1	216	172	497	260	469	162	531	318	551	237	685	340
ACAT1	291	193	487	242	320	119	543	300	353	158	473	242
PRKAB1	146	180	354	351	195	161	225	254	244	168	206	173
ITK	16	38	2	8	4	11	1	4	11	3	4	2
PDGFRB	2	2	2	5	6	2	2	1	3	6	2	4
BUB1	46	61	394	182	202	120	413	301	302	152	524	283
PTK6	11	14	25	10	18	12	12	10	18	15	23	11
SLC16A6	420	302	49	33	160	86	67	85	122	70	85	65
ACSF3	13	18	17	11	12	11	8	12	10	10	9	2
KIR3DL3	4	9	3	4	5	4	5	2	6	7	5	6
TNFRSF17	1	11	2	4	12	1	3	5	7	7	6	7
UMPS	24	15	60	27	26	14	47	31	42	15	51	22
CACNB4	9	17	27	14	25	16	20	11	27	12	14	7
ATF7IP	142	240	407	303	175	108	259	278	200	133	290	191
SERINC5	270	284	118	65	324	176	117	145	423	268	124	72
REST	327	477	649	512	428	241	409	441	572	328	559	307
RGN	7	4	3	6	8	3	8	4	9	3	4	2
PRIM2	162	262	328	265	258	192	293	267	270	204	353	196
ITGB1	4598	5345	4400	3996	3561	1668	2832	3344	3924	2095	2746	1623
CXCL9	6	48	9	36	11	9	5	22	12	10	5	4
ITGB2	8880	10324	13811	11992	7570	3176	6291	7827	9663	4815	6418	4530
HPRT1	1161	1242	968	1161	1622	1103	841	733	1691	1167	607	332
TXNRD1	2638	4923	1434	1560	2393	2701	1296	2544	2630	2472	1691	1509
OAT	1074	663	976	468	1093	457	761	443	1179	498	745	367
GPI	2077	2334	1336	986	2471	1325	1465	970	3236	1890	1437	667
SLC2A3	9	9	7	3	12	14	10	9	15	7	9	7
GCDH	27	32	122	83	52	30	102	63	88	46	91	53
PSMC1	969	1453	807	864	1338	921	630	742	1424	1090	648	406
ATP6V1F	6027	7318	3976	4471	10985	7139	3238	4209	10802	7014	2581	1897
HERC1	210	181	331	191	320	156	194	197	471	253	440	234
FOXM1	22	9	75	20	34	23	86	58	57	24	154	70
NAGLU	97	100	76	92	101	51	60	74	116	62	61	31
CTSD	14783	20034	4078	4181	27147	14529	3354	5364	32855	19015	4895	4252
